Hannah,2025-06-12 09:46:43,/help
Eve,2025-06-12 11:19:16,/login
Eve,2025-06-12 08:17:58,/login
Alice,2025-06-12 16:07:59,/dashboard
Charlie,2025-06-12 09:48:33,/logout
Hannah,2025-06-12 22:01:35,/search
Hannah,2025-06-12 06:50:33,/login
Judy,2025-06-12 17:38:19,/login
Charlie,2025-06-12 13:36:49,/about
Charlie,2025-06-12 18:45:37,/home
Charlie,2025-06-12 02:23:20,/dashboard
Eve,2025-06-12 04:56:19,/search
Charlie,2025-06-12 20:42:17,/about
Bob,2025-06-12 02:05:53,/home
Alice,2025-06-12 13:07:15,/home
Hannah,2025-06-12 09:58:30,/settings
Eve,2025-06-12 14:27:08,/about
Hannah,2025-06-12 01:06:45,/login
Alice,2025-06-12 16:14:31,/dashboard
Alice,2025-06-12 21:22:03,/help
Grace,2025-06-12 09:25:03,/home
Hannah,2025-06-12 10:22:44,/login
Bob,2025-06-12 20:50:07,/home
Charlie,2025-06-12 08:03:32,/settings
Hannah,2025-06-12 07:31:36,/settings
Eve,2025-06-12 00:43:48,/about
Charlie,2025-06-12 17:15:40,/home
Alice,2025-06-12 00:18:29,/contact
Alice,2025-06-12 23:24:05,/login
Eve,2025-06-12 12:41:46,/login
Judy,2025-06-12 11:00:02,/login
Hannah,2025-06-12 22:42:17,/about
Judy,2025-06-12 18:37:25,/home
Hannah,2025-06-12 20:26:31,/logout
Hannah,2025-06-12 22:10:29,/contact
Eve,2025-06-12 17:32:22,/home
Bob,2025-06-12 23:19:24,/login
Eve,2025-06-12 23:53:18,/profile
Hannah,2025-06-12 06:51:28,/profile
Alice,2025-06-12 02:04:01,/home
Charlie,2025-06-12 14:42:45,/contact
Hannah,2025-06-12 05:05:40,/logout
Hannah,2025-06-12 23:51:44,/home
Judy,2025-06-12 15:14:22,/profile
Judy,2025-06-12 21:13:38,/home
Hannah,2025-06-12 06:54:52,/contact
Eve,2025-06-12 19:27:55,/settings
Hannah,2025-06-12 13:03:08,/help
Grace,2025-06-12 23:56:34,/home
Grace,2025-06-12 17:08:26,/home
Alice,2025-06-12 06:39:55,/about
Hannah,2025-06-12 23:49:38,/logout
Bob,2025-06-12 11:10:50,/home
Judy,2025-06-12 13:31:57,/logout
Eve,2025-06-12 04:17:17,/login
Judy,2025-06-12 21:14:50,/dashboard
Grace,2025-06-12 17:11:34,/login
Alice,2025-06-12 13:53:46,/dashboard
Grace,2025-06-12 05:29:22,/home
Alice,2025-06-12 14:53:53,/logout
Grace,2025-06-12 05:12:52,/help
Eve,2025-06-12 02:56:32,/dashboard
Judy,2025-06-12 11:24:39,/home
Hannah,2025-06-12 00:10:17,/home
Judy,2025-06-12 20:58:54,/home
Charlie,2025-06-12 17:49:29,/dashboard
Charlie,2025-06-12 04:42:41,/login
Grace,2025-06-12 14:41:13,/login
Judy,2025-06-12 00:10:11,/search
Bob,2025-06-12 13:35:03,/dashboard
Bob,2025-06-12 06:56:19,/about
Bob,2025-06-12 08:14:17,/settings
Hannah,2025-06-12 11:21:46,/logout
Alice,2025-06-12 21:25:58,/dashboard
Eve,2025-06-12 10:51:25,/home
Eve,2025-06-12 21:42:47,/dashboard
Grace,2025-06-12 04:52:16,/dashboard
Eve,2025-06-12 13:04:47,/help
Charlie,2025-06-12 06:00:11,/settings
Charlie,2025-06-12 00:41:46,/search
Alice,2025-06-12 07:41:21,/home
Hannah,2025-06-12 21:28:12,/home
Grace,2025-06-12 23:41:07,/login
Charlie,2025-06-12 13:39:37,/home
Hannah,2025-06-12 19:28:08,/profile
Grace,2025-06-12 03:56:10,/home
Hannah,2025-06-12 01:45:22,/home
Hannah,2025-06-12 15:10:27,/login
Judy,2025-06-12 09:12:06,/dashboard
Judy,2025-06-12 22:56:56,/settings
Bob,2025-06-12 03:40:35,/dashboard
Hannah,2025-06-12 09:49:46,/about
Grace,2025-06-12 15:14:56,/dashboard
Charlie,2025-06-12 18:37:34,/login
Hannah,2025-06-12 04:17:11,/contact
Eve,2025-06-12 18:07:19,/home
Alice,2025-06-12 19:02:49,/profile
Alice,2025-06-12 10:45:12,/login
Alice,2025-06-12 07:33:42,/login
Hannah,2025-06-12 12:02:12,/help
Alice,2025-06-12 03:14:25,/dashboard
Bob,2025-06-12 05:25:48,/help
Bob,2025-06-12 03:41:16,/login
Eve,2025-06-12 10:46:40,/help
Eve,2025-06-12 06:21:38,/home
Charlie,2025-06-12 10:34:45,/home
Eve,2025-06-12 15:30:36,/logout
Hannah,2025-06-12 03:27:31,/login
Charlie,2025-06-12 00:21:07,/home
Charlie,2025-06-12 23:33:49,/dashboard
Alice,2025-06-12 22:38:21,/login
Eve,2025-06-12 13:34:00,/login
Charlie,2025-06-12 06:39:29,/logout
Bob,2025-06-12 09:53:49,/login
Charlie,2025-06-12 17:24:44,/search
Charlie,2025-06-12 23:37:25,/search
Charlie,2025-06-12 04:06:58,/dashboard
Alice,2025-06-12 05:48:12,/home
Bob,2025-06-12 17:34:25,/dashboard
Charlie,2025-06-12 15:57:10,/contact
Alice,2025-06-12 22:15:31,/logout
Bob,2025-06-12 17:35:18,/dashboard
Judy,2025-06-12 16:02:41,/login
Bob,2025-06-12 11:26:27,/dashboard
Bob,2025-06-12 20:59:42,/about
Hannah,2025-06-12 08:09:18,/contact
Hannah,2025-06-12 18:53:59,/logout
Grace,2025-06-12 03:28:03,/contact
Judy,2025-06-12 17:32:47,/settings
Eve,2025-06-12 05:24:44,/search
Charlie,2025-06-12 22:18:55,/about
Bob,2025-06-12 18:24:25,/home
Charlie,2025-06-12 18:03:10,/help
Charlie,2025-06-12 02:43:32,/dashboard
Charlie,2025-06-12 11:40:26,/help
Alice,2025-06-12 01:49:59,/login
Grace,2025-06-12 13:47:08,/dashboard
Judy,2025-06-12 16:42:54,/login
Judy,2025-06-12 03:12:16,/help
Charlie,2025-06-12 16:16:38,/help
Eve,2025-06-12 23:47:18,/login
Bob,2025-06-12 01:18:16,/login
Grace,2025-06-12 21:59:54,/home
Grace,2025-06-12 20:28:26,/about
Alice,2025-06-12 12:24:36,/help
Eve,2025-06-12 16:32:46,/settings
Eve,2025-06-12 21:50:36,/dashboard
Judy,2025-06-12 16:28:34,/logout
Bob,2025-06-12 08:04:24,/dashboard
Bob,2025-06-12 10:37:50,/dashboard
Grace,2025-06-12 03:52:15,/dashboard
Bob,2025-06-12 05:06:48,/help
Charlie,2025-06-12 03:53:39,/search
Eve,2025-06-12 04:23:46,/settings
Charlie,2025-06-12 07:50:57,/search
Judy,2025-06-12 12:18:13,/settings
Bob,2025-06-12 23:03:20,/home
Charlie,2025-06-12 04:29:10,/contact
Charlie,2025-06-12 16:39:10,/help
Hannah,2025-06-12 18:21:26,/contact
Alice,2025-06-12 19:18:35,/home
Hannah,2025-06-12 20:08:32,/home
Judy,2025-06-12 18:30:28,/help
Charlie,2025-06-12 21:03:52,/dashboard
Alice,2025-06-12 03:46:13,/dashboard
Judy,2025-06-12 11:43:04,/contact
Grace,2025-06-12 22:10:22,/search
Hannah,2025-06-12 09:57:40,/settings
Judy,2025-06-12 16:29:15,/profile
Charlie,2025-06-12 05:01:51,/dashboard
Judy,2025-06-12 10:52:59,/about
Charlie,2025-06-12 11:25:44,/about
Hannah,2025-06-12 23:01:53,/about
Alice,2025-06-12 10:34:46,/dashboard
Hannah,2025-06-12 04:49:49,/logout
Hannah,2025-06-12 18:20:46,/dashboard
Grace,2025-06-12 04:12:06,/logout
Charlie,2025-06-12 20:28:19,/logout
Judy,2025-06-12 15:11:59,/dashboard
Hannah,2025-06-12 10:24:37,/about
Charlie,2025-06-12 00:27:53,/search
Grace,2025-06-12 05:17:28,/login
Bob,2025-06-12 09:43:13,/settings
Charlie,2025-06-12 10:26:07,/dashboard
Hannah,2025-06-12 05:19:52,/profile
Charlie,2025-06-12 10:44:44,/home
Alice,2025-06-12 13:03:33,/home
Charlie,2025-06-12 03:43:52,/help
Grace,2025-06-12 08:10:00,/about
Hannah,2025-06-12 14:09:32,/about
Alice,2025-06-12 10:28:21,/dashboard
Hannah,2025-06-12 13:53:34,/home
Judy,2025-06-12 11:23:00,/dashboard
Grace,2025-06-12 09:09:03,/dashboard
Alice,2025-06-12 08:12:43,/help
Hannah,2025-06-12 21:25:20,/logout
Grace,2025-06-12 07:02:42,/settings
Eve,2025-06-12 02:42:40,/dashboard
Alice,2025-06-12 04:20:43,/about
Judy,2025-06-12 20:15:54,/login
Eve,2025-06-12 09:17:05,/dashboard
Bob,2025-06-12 05:38:10,/dashboard
Bob,2025-06-12 21:43:54,/login
Bob,2025-06-12 10:57:52,/contact
Judy,2025-06-12 13:02:14,/about
Bob,2025-06-12 19:07:44,/logout
Alice,2025-06-12 02:28:56,/about
Charlie,2025-06-12 05:48:09,/about
Judy,2025-06-12 03:20:51,/login
Eve,2025-06-12 12:05:00,/home
Eve,2025-06-12 22:30:39,/home
Grace,2025-06-12 23:38:25,/dashboard
Bob,2025-06-12 16:13:34,/login
Alice,2025-06-12 22:36:52,/contact
Alice,2025-06-12 13:53:07,/logout
Charlie,2025-06-12 14:02:57,/login
Eve,2025-06-12 00:53:58,/login
Grace,2025-06-12 18:43:31,/logout
Charlie,2025-06-12 16:13:20,/about
Judy,2025-06-12 07:00:32,/dashboard
Eve,2025-06-12 06:05:40,/home
Charlie,2025-06-12 19:24:48,/about
Bob,2025-06-12 22:55:11,/settings
Charlie,2025-06-12 15:26:41,/settings
Charlie,2025-06-12 07:29:05,/login
Grace,2025-06-12 23:32:26,/search
Charlie,2025-06-12 05:35:52,/login
Bob,2025-06-12 01:22:45,/login
Bob,2025-06-12 09:10:18,/home
Grace,2025-06-12 09:25:01,/home
Judy,2025-06-12 14:43:31,/dashboard
Judy,2025-06-12 04:18:26,/login
Grace,2025-06-12 22:30:48,/dashboard
Bob,2025-06-12 01:39:25,/contact
Hannah,2025-06-12 13:01:24,/login
Grace,2025-06-12 10:58:18,/dashboard
Grace,2025-06-12 13:53:12,/login
Judy,2025-06-12 17:15:26,/home
Alice,2025-06-12 14:14:08,/home
Charlie,2025-06-12 10:44:23,/about
Hannah,2025-06-12 10:51:06,/dashboard
Hannah,2025-06-12 00:24:21,/logout
Grace,2025-06-12 04:29:12,/dashboard
Bob,2025-06-12 14:20:53,/dashboard
Grace,2025-06-12 11:05:36,/home
Alice,2025-06-12 07:42:32,/logout
Judy,2025-06-12 05:11:11,/about
Alice,2025-06-12 09:12:07,/dashboard
Alice,2025-06-12 20:39:16,/dashboard
Charlie,2025-06-12 19:58:59,/home
Judy,2025-06-12 10:34:56,/login
Hannah,2025-06-12 09:07:38,/login
Bob,2025-06-12 17:44:17,/dashboard
Eve,2025-06-12 23:51:54,/dashboard
Alice,2025-06-12 02:32:29,/dashboard
Alice,2025-06-12 11:57:16,/login
Grace,2025-06-12 05:32:54,/contact
Grace,2025-06-12 15:35:39,/login
Alice,2025-06-12 08:03:55,/home
Hannah,2025-06-12 10:04:24,/search
Charlie,2025-06-12 04:53:23,/logout
Hannah,2025-06-12 17:28:28,/logout
Judy,2025-06-12 17:43:48,/login
Grace,2025-06-12 22:05:11,/dashboard
Bob,2025-06-12 19:36:37,/dashboard
Alice,2025-06-12 02:47:02,/dashboard
Hannah,2025-06-12 00:40:41,/login
Charlie,2025-06-12 22:59:48,/about
Bob,2025-06-12 14:45:01,/contact
Charlie,2025-06-12 07:44:46,/contact
Bob,2025-06-12 19:38:56,/dashboard
Judy,2025-06-12 13:19:08,/dashboard
Judy,2025-06-12 10:35:41,/dashboard
Alice,2025-06-12 03:17:49,/dashboard
Judy,2025-06-12 08:41:50,/home
Charlie,2025-06-12 06:02:17,/contact
Charlie,2025-06-12 05:06:38,/about
Judy,2025-06-12 20:36:02,/dashboard
Hannah,2025-06-12 17:36:13,/dashboard
Eve,2025-06-12 08:26:15,/login
Bob,2025-06-12 01:33:30,/home
Hannah,2025-06-12 18:51:20,/settings
Charlie,2025-06-12 14:07:48,/logout
Judy,2025-06-12 01:27:10,/home
Hannah,2025-06-12 03:45:29,/logout
Hannah,2025-06-12 23:04:02,/about
Charlie,2025-06-12 09:35:13,/profile
Grace,2025-06-12 13:42:49,/home
Hannah,2025-06-12 13:18:00,/search
Grace,2025-06-12 18:48:40,/login
Eve,2025-06-12 18:48:01,/home
Judy,2025-06-12 17:43:33,/login
Charlie,2025-06-12 21:59:55,/help
Bob,2025-06-12 16:00:58,/home
Alice,2025-06-12 23:25:41,/dashboard
Eve,2025-06-12 05:43:45,/home
Eve,2025-06-12 08:23:11,/login
Judy,2025-06-12 17:31:53,/login
Hannah,2025-06-12 17:26:26,/help
Alice,2025-06-12 14:57:37,/dashboard
Bob,2025-06-12 20:52:48,/home
Grace,2025-06-12 18:39:53,/dashboard
Bob,2025-06-12 02:02:08,/dashboard
Alice,2025-06-12 18:48:37,/home
Judy,2025-06-12 23:12:54,/dashboard
Bob,2025-06-12 03:07:19,/profile
Alice,2025-06-12 17:32:13,/login
Alice,2025-06-12 21:52:33,/login
Alice,2025-06-12 22:41:25,/dashboard
Hannah,2025-06-12 09:37:51,/about
Alice,2025-06-12 16:30:37,/logout
Grace,2025-06-12 13:46:12,/home
Judy,2025-06-12 07:22:02,/home
Grace,2025-06-12 15:17:03,/about
Charlie,2025-06-12 22:02:45,/dashboard
Bob,2025-06-12 21:50:18,/dashboard
Bob,2025-06-12 18:19:32,/about
Charlie,2025-06-12 03:23:34,/login
Judy,2025-06-12 19:38:05,/contact
Charlie,2025-06-12 23:38:16,/home
Judy,2025-06-12 01:34:53,/login
Hannah,2025-06-12 15:37:04,/about
Alice,2025-06-12 13:52:49,/help
Eve,2025-06-12 20:58:33,/dashboard
Bob,2025-06-12 17:22:19,/login
Charlie,2025-06-12 03:03:06,/settings
Eve,2025-06-12 14:52:42,/dashboard
Eve,2025-06-12 00:15:32,/dashboard
Grace,2025-06-12 00:15:42,/dashboard
Judy,2025-06-12 14:53:08,/logout
Eve,2025-06-12 23:43:23,/login
Grace,2025-06-12 15:25:17,/dashboard
Grace,2025-06-12 14:28:15,/login
Charlie,2025-06-12 15:02:42,/settings
Grace,2025-06-12 06:30:25,/help
Eve,2025-06-12 09:14:23,/login
Eve,2025-06-12 14:29:43,/dashboard
Hannah,2025-06-12 04:20:08,/dashboard
Hannah,2025-06-12 16:15:36,/settings
Charlie,2025-06-12 03:39:03,/dashboard
Alice,2025-06-12 20:02:45,/login
Grace,2025-06-12 05:51:08,/home
Judy,2025-06-12 03:18:59,/home
Charlie,2025-06-12 17:10:22,/dashboard
Grace,2025-06-12 09:34:43,/home
Alice,2025-06-12 01:22:28,/dashboard
Hannah,2025-06-12 14:35:13,/search
Grace,2025-06-12 21:45:11,/profile
Bob,2025-06-12 23:18:44,/dashboard
Judy,2025-06-12 23:54:59,/home
Charlie,2025-06-12 10:24:47,/about
Alice,2025-06-12 18:35:18,/dashboard
Grace,2025-06-12 06:10:14,/contact
Hannah,2025-06-12 13:05:51,/home
Alice,2025-06-12 03:09:42,/dashboard
Eve,2025-06-12 14:23:12,/logout
Judy,2025-06-12 00:33:34,/dashboard
Hannah,2025-06-12 03:16:58,/login
Grace,2025-06-12 21:13:26,/dashboard
Eve,2025-06-12 08:14:21,/login
Grace,2025-06-12 14:42:27,/help
Grace,2025-06-12 14:49:23,/home
Grace,2025-06-12 18:19:11,/home
Eve,2025-06-12 18:41:17,/home
Eve,2025-06-12 09:06:26,/contact
Hannah,2025-06-12 13:43:44,/help
Grace,2025-06-12 12:22:00,/home
Charlie,2025-06-12 16:46:27,/help
Grace,2025-06-12 04:13:59,/help
Eve,2025-06-12 08:01:25,/dashboard
Hannah,2025-06-12 11:29:43,/settings
Judy,2025-06-12 19:30:08,/about
Bob,2025-06-12 09:02:19,/profile
Eve,2025-06-12 12:27:05,/dashboard
Bob,2025-06-12 17:21:03,/home
Eve,2025-06-12 09:47:48,/dashboard
Alice,2025-06-12 18:10:04,/settings
Hannah,2025-06-12 08:33:03,/settings
Hannah,2025-06-12 09:39:47,/settings
Alice,2025-06-12 22:31:20,/home
Eve,2025-06-12 04:21:52,/home
Bob,2025-06-12 22:20:55,/help
Bob,2025-06-12 01:32:19,/about
Charlie,2025-06-12 13:30:53,/help
Grace,2025-06-12 10:00:09,/dashboard
Judy,2025-06-12 10:12:15,/dashboard
Judy,2025-06-12 04:40:09,/dashboard
Bob,2025-06-12 17:24:54,/login
Grace,2025-06-12 14:20:05,/login
Charlie,2025-06-12 16:38:45,/dashboard
Bob,2025-06-12 11:29:33,/help
Hannah,2025-06-12 00:25:49,/home
Hannah,2025-06-12 13:48:52,/settings
Grace,2025-06-12 22:18:38,/login
Charlie,2025-06-12 06:48:50,/profile
Grace,2025-06-12 17:09:40,/login
Grace,2025-06-12 18:09:34,/home
Judy,2025-06-12 13:33:19,/dashboard
Eve,2025-06-12 16:24:37,/profile
Alice,2025-06-12 08:19:18,/dashboard
Charlie,2025-06-12 09:49:42,/login
Charlie,2025-06-12 20:13:09,/settings
Judy,2025-06-12 05:18:36,/settings
Charlie,2025-06-12 17:13:15,/dashboard
Charlie,2025-06-12 06:25:48,/home
Judy,2025-06-12 18:49:25,/dashboard
Grace,2025-06-12 10:55:26,/help
Eve,2025-06-12 01:44:13,/dashboard
Judy,2025-06-12 02:11:09,/home
Alice,2025-06-12 22:55:57,/help
Bob,2025-06-12 09:27:28,/login
Eve,2025-06-12 09:22:59,/dashboard
Eve,2025-06-12 12:46:58,/home
Charlie,2025-06-12 07:14:37,/contact
Grace,2025-06-12 19:36:14,/dashboard
Alice,2025-06-12 12:55:44,/profile
Eve,2025-06-12 16:16:20,/help
Bob,2025-06-12 16:53:04,/login
Hannah,2025-06-12 06:06:04,/dashboard
Hannah,2025-06-12 15:21:28,/logout
Hannah,2025-06-12 20:48:45,/contact
Judy,2025-06-12 02:52:49,/login
Alice,2025-06-12 11:32:13,/login
Hannah,2025-06-12 09:44:18,/profile
Grace,2025-06-12 16:11:53,/profile
Charlie,2025-06-12 21:22:08,/logout
Grace,2025-06-12 06:05:30,/search
Alice,2025-06-12 08:32:33,/dashboard
Hannah,2025-06-12 02:54:54,/profile
Alice,2025-06-12 03:28:44,/home
Bob,2025-06-12 19:58:04,/help
Bob,2025-06-12 19:04:39,/login
Charlie,2025-06-12 03:47:02,/login
Eve,2025-06-12 23:50:30,/login
Judy,2025-06-12 10:20:47,/home
Judy,2025-06-12 19:10:41,/dashboard
Charlie,2025-06-12 01:02:24,/dashboard
Bob,2025-06-12 17:20:10,/logout
Judy,2025-06-12 09:55:05,/about
Grace,2025-06-12 19:38:05,/dashboard
Alice,2025-06-12 22:58:32,/login
Hannah,2025-06-12 15:50:13,/contact
Grace,2025-06-12 11:16:27,/about
Eve,2025-06-12 03:15:38,/home
Judy,2025-06-12 09:27:33,/login
Alice,2025-06-12 19:03:12,/home
Charlie,2025-06-12 12:31:13,/dashboard
Eve,2025-06-12 17:54:38,/home
Charlie,2025-06-12 10:54:30,/help
Bob,2025-06-12 21:44:10,/profile
Alice,2025-06-12 13:36:14,/about
Alice,2025-06-12 15:54:52,/dashboard
Judy,2025-06-12 23:31:11,/dashboard
Judy,2025-06-12 09:34:29,/settings
Bob,2025-06-12 18:48:33,/home
Charlie,2025-06-12 09:53:53,/contact
Eve,2025-06-12 09:47:15,/about
Judy,2025-06-12 06:38:28,/home
Alice,2025-06-12 16:34:42,/dashboard
Grace,2025-06-12 22:40:25,/dashboard
Judy,2025-06-12 05:32:22,/home
Bob,2025-06-12 06:46:11,/home
Bob,2025-06-12 15:57:44,/home
Hannah,2025-06-12 08:28:34,/home
Bob,2025-06-12 07:54:27,/login
Eve,2025-06-12 13:31:19,/login
Judy,2025-06-12 12:01:26,/home
Bob,2025-06-12 02:02:25,/dashboard
Eve,2025-06-12 19:46:37,/login
Judy,2025-06-12 13:53:34,/login
Charlie,2025-06-12 04:26:25,/home
Charlie,2025-06-12 14:00:36,/settings
Charlie,2025-06-12 08:59:56,/help
Hannah,2025-06-12 07:15:06,/home
Judy,2025-06-12 18:58:26,/login
Hannah,2025-06-12 17:12:54,/settings
Judy,2025-06-12 11:45:44,/profile
Alice,2025-06-12 20:00:34,/home
Grace,2025-06-12 23:14:52,/login
Eve,2025-06-12 07:55:45,/home
Bob,2025-06-12 11:48:54,/login
Bob,2025-06-12 21:17:17,/login
Bob,2025-06-12 00:19:30,/home
Bob,2025-06-12 17:18:14,/dashboard
Hannah,2025-06-12 05:38:35,/contact
Eve,2025-06-12 05:44:29,/settings
Judy,2025-06-12 12:19:17,/dashboard
Charlie,2025-06-12 02:10:34,/home
Eve,2025-06-12 03:54:36,/about
Alice,2025-06-12 20:19:44,/login
Charlie,2025-06-12 15:58:23,/logout
Hannah,2025-06-12 00:46:38,/settings
Hannah,2025-06-12 13:02:25,/search
Hannah,2025-06-12 09:07:39,/dashboard
Bob,2025-06-12 20:21:12,/login
Eve,2025-06-12 06:54:34,/login
Grace,2025-06-12 11:47:05,/login
Hannah,2025-06-12 10:01:27,/help
Charlie,2025-06-12 20:11:22,/contact
Alice,2025-06-12 16:21:41,/home
Eve,2025-06-12 13:21:58,/about
Judy,2025-06-12 18:25:16,/dashboard
Judy,2025-06-12 22:33:49,/home
Charlie,2025-06-12 22:34:50,/logout
Alice,2025-06-12 23:58:03,/home
Grace,2025-06-12 19:04:50,/settings
Hannah,2025-06-12 20:04:41,/help
Alice,2025-06-12 14:55:13,/logout
Hannah,2025-06-12 04:01:18,/logout
Bob,2025-06-12 01:35:37,/home
Charlie,2025-06-12 06:30:14,/dashboard
Charlie,2025-06-12 07:21:26,/home
Bob,2025-06-12 01:09:30,/home
Grace,2025-06-12 23:57:15,/search
Judy,2025-06-12 21:29:31,/dashboard
Eve,2025-06-12 22:03:43,/home
Hannah,2025-06-12 00:28:35,/login
Alice,2025-06-12 17:02:29,/login
Charlie,2025-06-12 13:08:27,/home
Grace,2025-06-12 13:26:14,/search
Charlie,2025-06-12 22:27:42,/home
Eve,2025-06-12 02:33:45,/dashboard
Charlie,2025-06-12 02:50:15,/profile
Alice,2025-06-12 03:41:07,/login
Hannah,2025-06-12 19:21:25,/settings
Judy,2025-06-12 23:54:58,/dashboard
Alice,2025-06-12 20:19:53,/home
Hannah,2025-06-12 15:06:59,/about
Hannah,2025-06-12 23:15:05,/login
Grace,2025-06-12 15:32:57,/login
Bob,2025-06-12 20:01:25,/home
Judy,2025-06-12 05:45:32,/dashboard
Grace,2025-06-12 12:49:39,/help
Eve,2025-06-12 13:32:02,/login
Judy,2025-06-12 11:46:35,/search
Grace,2025-06-12 07:47:19,/dashboard
Judy,2025-06-12 13:06:27,/profile
Judy,2025-06-12 00:00:25,/login
Hannah,2025-06-12 10:21:27,/home
Grace,2025-06-12 10:59:22,/home
Bob,2025-06-12 07:49:17,/home
Charlie,2025-06-12 00:47:24,/logout
Charlie,2025-06-12 20:09:29,/profile
Grace,2025-06-12 05:37:58,/dashboard
Bob,2025-06-12 05:41:01,/login
Alice,2025-06-12 09:05:49,/dashboard
Alice,2025-06-12 03:20:46,/login
Grace,2025-06-12 02:48:38,/home
Hannah,2025-06-12 17:34:06,/logout
Alice,2025-06-12 20:58:47,/dashboard
Charlie,2025-06-12 21:40:18,/login
Hannah,2025-06-12 01:21:38,/profile
Hannah,2025-06-12 13:53:30,/contact
Bob,2025-06-12 12:40:03,/logout
Charlie,2025-06-12 15:09:54,/search
Charlie,2025-06-12 08:15:16,/login
Hannah,2025-06-12 00:24:58,/contact
Hannah,2025-06-12 01:58:14,/search
Eve,2025-06-12 19:39:29,/login
Grace,2025-06-12 08:02:20,/dashboard
Alice,2025-06-12 14:18:15,/dashboard
Judy,2025-06-12 18:22:35,/contact
Bob,2025-06-12 14:21:24,/login
Alice,2025-06-12 17:19:31,/home
Grace,2025-06-12 14:32:02,/about
Eve,2025-06-12 15:49:09,/dashboard
Charlie,2025-06-12 04:54:37,/dashboard
Judy,2025-06-12 14:23:35,/login
Hannah,2025-06-12 07:08:23,/contact
Grace,2025-06-12 08:57:55,/about
Alice,2025-06-12 11:46:30,/login
Hannah,2025-06-12 03:15:43,/contact
Bob,2025-06-12 13:17:56,/search
Eve,2025-06-12 21:37:20,/login
Hannah,2025-06-12 11:05:53,/home
Alice,2025-06-12 16:06:01,/contact
Grace,2025-06-12 08:30:03,/home
Alice,2025-06-12 03:07:27,/dashboard
Bob,2025-06-12 22:36:36,/settings
Alice,2025-06-12 00:30:00,/profile
Eve,2025-06-12 11:06:32,/login
Judy,2025-06-12 07:36:35,/login
Hannah,2025-06-12 07:42:50,/about
Alice,2025-06-12 19:58:52,/login
Judy,2025-06-12 00:40:10,/dashboard
Judy,2025-06-12 19:10:48,/dashboard
Bob,2025-06-12 10:20:26,/home
Alice,2025-06-12 09:52:37,/contact
Bob,2025-06-12 02:25:29,/home
Judy,2025-06-12 03:55:41,/logout
Bob,2025-06-12 14:04:22,/dashboard
Alice,2025-06-12 03:37:35,/about
Eve,2025-06-12 19:21:12,/dashboard
Bob,2025-06-12 16:40:29,/dashboard
Grace,2025-06-12 01:26:50,/home
Alice,2025-06-12 12:08:41,/profile
Judy,2025-06-12 00:40:08,/home
Eve,2025-06-12 22:45:50,/logout
Eve,2025-06-12 10:02:39,/dashboard
Charlie,2025-06-12 22:47:03,/home
Eve,2025-06-12 20:12:17,/home
Eve,2025-06-12 14:18:11,/login
Hannah,2025-06-12 03:11:47,/dashboard
Hannah,2025-06-12 18:57:31,/search
Hannah,2025-06-12 22:46:28,/contact
Hannah,2025-06-12 15:11:40,/settings
Alice,2025-06-12 11:22:24,/login
Grace,2025-06-12 04:47:51,/dashboard
Alice,2025-06-12 19:42:36,/contact
Hannah,2025-06-12 05:01:42,/settings
Eve,2025-06-12 04:55:27,/about
Judy,2025-06-12 23:53:33,/dashboard
Grace,2025-06-12 02:28:08,/logout
Grace,2025-06-12 04:18:37,/dashboard
Alice,2025-06-12 01:04:24,/home
Charlie,2025-06-12 15:04:29,/logout
Judy,2025-06-12 23:11:12,/dashboard
Hannah,2025-06-12 05:31:57,/profile
Charlie,2025-06-12 03:53:14,/settings
Alice,2025-06-12 22:27:44,/dashboard
Eve,2025-06-12 08:24:26,/contact
Grace,2025-06-12 00:56:58,/dashboard
Eve,2025-06-12 04:52:55,/login
Grace,2025-06-12 23:39:00,/help
Eve,2025-06-12 17:53:34,/login
Judy,2025-06-12 08:14:18,/home
Bob,2025-06-12 09:49:30,/home
Judy,2025-06-12 07:23:05,/dashboard
Charlie,2025-06-12 02:24:28,/settings
Alice,2025-06-12 22:27:59,/help
Judy,2025-06-12 08:59:06,/help
Judy,2025-06-12 22:08:02,/home
Hannah,2025-06-12 11:23:32,/search
Judy,2025-06-12 21:37:11,/contact
Grace,2025-06-12 01:24:07,/dashboard
Grace,2025-06-12 01:32:39,/login
Alice,2025-06-12 01:25:44,/login
Grace,2025-06-12 01:47:41,/dashboard
Alice,2025-06-12 11:05:18,/login
Charlie,2025-06-12 16:47:49,/profile
Alice,2025-06-12 01:59:09,/dashboard
Hannah,2025-06-12 05:10:43,/about
Judy,2025-06-12 03:17:34,/help
Hannah,2025-06-12 04:07:13,/about
Alice,2025-06-12 04:55:34,/about
Judy,2025-06-12 00:54:25,/login
Alice,2025-06-12 07:21:07,/dashboard
Judy,2025-06-12 23:36:50,/login
Hannah,2025-06-12 04:29:53,/dashboard
Bob,2025-06-12 23:05:09,/login
Eve,2025-06-12 13:59:03,/dashboard
Hannah,2025-06-12 22:17:05,/about
Alice,2025-06-12 01:35:54,/login
Charlie,2025-06-12 12:12:14,/dashboard
Grace,2025-06-12 05:54:09,/dashboard
Charlie,2025-06-12 06:30:44,/dashboard
Charlie,2025-06-12 15:16:35,/home
Eve,2025-06-12 10:30:51,/login
Hannah,2025-06-12 04:16:48,/dashboard
Alice,2025-06-12 22:40:00,/home
Charlie,2025-06-12 00:26:40,/profile
Judy,2025-06-12 19:47:17,/login
Charlie,2025-06-12 22:08:09,/home
Judy,2025-06-12 17:19:12,/dashboard
Judy,2025-06-12 21:53:22,/home
Grace,2025-06-12 10:07:32,/dashboard
Grace,2025-06-12 01:46:51,/settings
Alice,2025-06-12 12:42:26,/dashboard
Bob,2025-06-12 21:02:51,/home
Charlie,2025-06-12 10:51:57,/contact
Eve,2025-06-12 03:57:52,/home
Judy,2025-06-12 10:21:14,/dashboard
Grace,2025-06-12 20:50:10,/contact
Charlie,2025-06-12 06:27:34,/about
Judy,2025-06-12 01:18:17,/logout
Bob,2025-06-12 13:25:09,/logout
Judy,2025-06-12 20:02:31,/search
Bob,2025-06-12 04:26:33,/home
Hannah,2025-06-12 11:59:10,/profile
Grace,2025-06-12 07:36:40,/home
Grace,2025-06-12 22:54:01,/dashboard
Grace,2025-06-12 22:01:09,/help
Charlie,2025-06-12 15:32:54,/profile
Grace,2025-06-12 19:07:44,/profile
Grace,2025-06-12 04:43:21,/logout
Grace,2025-06-12 23:00:18,/dashboard
Judy,2025-06-12 22:11:16,/home
Alice,2025-06-12 00:03:27,/settings
Bob,2025-06-12 04:17:36,/dashboard
Hannah,2025-06-12 22:24:09,/settings
Judy,2025-06-12 12:43:49,/login
Grace,2025-06-12 00:24:40,/settings
Hannah,2025-06-12 10:15:13,/settings
Eve,2025-06-12 10:55:58,/profile
Grace,2025-06-12 04:08:40,/home
Hannah,2025-06-12 12:25:42,/logout
Judy,2025-06-12 01:03:36,/contact
Charlie,2025-06-12 07:03:50,/dashboard
Eve,2025-06-12 17:16:33,/help
Charlie,2025-06-12 23:30:26,/home
Alice,2025-06-12 16:46:14,/dashboard
Charlie,2025-06-12 12:12:03,/about
Judy,2025-06-12 02:02:22,/search
Charlie,2025-06-12 10:53:55,/about
Grace,2025-06-12 20:12:48,/logout
Grace,2025-06-12 12:04:39,/dashboard
Charlie,2025-06-12 02:24:38,/logout
Alice,2025-06-12 12:20:53,/home
Judy,2025-06-12 20:47:19,/dashboard
Grace,2025-06-12 04:15:15,/dashboard
Charlie,2025-06-12 11:27:02,/profile
Hannah,2025-06-12 09:53:05,/home
Judy,2025-06-12 13:31:44,/home
Judy,2025-06-12 07:52:09,/profile
Grace,2025-06-12 13:37:29,/home
Charlie,2025-06-12 07:21:29,/home
Bob,2025-06-12 17:34:23,/home
Grace,2025-06-12 17:36:09,/login
Hannah,2025-06-12 11:17:59,/about
Charlie,2025-06-12 05:13:01,/logout
Charlie,2025-06-12 18:47:32,/login
Hannah,2025-06-12 07:28:14,/dashboard
Hannah,2025-06-12 16:43:30,/home
Judy,2025-06-12 04:13:02,/about
Bob,2025-06-12 21:38:14,/home
Charlie,2025-06-12 12:08:04,/login
Judy,2025-06-12 18:57:13,/login
Charlie,2025-06-12 00:49:06,/profile
Grace,2025-06-12 11:40:58,/settings
Alice,2025-06-12 19:22:46,/login
Eve,2025-06-12 09:55:37,/login
Alice,2025-06-12 00:33:19,/home
Grace,2025-06-12 07:31:16,/home
Grace,2025-06-12 09:52:07,/login
Alice,2025-06-12 20:54:06,/profile
Alice,2025-06-12 22:19:41,/login
Eve,2025-06-12 04:44:09,/home
Bob,2025-06-12 01:50:13,/dashboard
Bob,2025-06-12 15:31:37,/home
Judy,2025-06-12 21:34:53,/dashboard
Hannah,2025-06-12 22:26:21,/help
Eve,2025-06-12 19:25:24,/home
Bob,2025-06-12 20:40:21,/help
Alice,2025-06-12 17:02:57,/dashboard
Bob,2025-06-12 23:27:45,/dashboard
Hannah,2025-06-12 17:07:55,/help
Alice,2025-06-12 22:27:43,/dashboard
Eve,2025-06-12 06:40:32,/search
Hannah,2025-06-12 11:49:27,/logout
Judy,2025-06-12 17:18:23,/home
Bob,2025-06-12 06:13:07,/login
Eve,2025-06-12 20:55:24,/contact
Alice,2025-06-12 03:53:42,/login
Eve,2025-06-12 10:59:59,/home
Grace,2025-06-12 15:03:10,/dashboard
Alice,2025-06-12 05:47:23,/about
Judy,2025-06-12 07:34:54,/login
Charlie,2025-06-12 15:41:51,/contact
Charlie,2025-06-12 20:39:05,/search
Charlie,2025-06-12 19:49:32,/logout
Hannah,2025-06-12 06:18:06,/settings
Hannah,2025-06-12 20:54:20,/login
Charlie,2025-06-12 04:09:44,/help
Grace,2025-06-12 20:12:36,/login
Bob,2025-06-12 11:12:54,/dashboard
Judy,2025-06-12 21:42:52,/home
Charlie,2025-06-12 11:55:14,/search
Judy,2025-06-12 03:17:46,/home
Alice,2025-06-12 23:09:39,/contact
Charlie,2025-06-12 05:20:31,/home
Hannah,2025-06-12 16:29:32,/dashboard
Grace,2025-06-12 21:02:30,/dashboard
Judy,2025-06-12 11:31:37,/dashboard
Eve,2025-06-12 11:05:17,/dashboard
Judy,2025-06-12 03:15:03,/logout
Grace,2025-06-12 14:42:58,/dashboard
Charlie,2025-06-12 10:42:39,/dashboard
Bob,2025-06-12 01:56:03,/dashboard
Bob,2025-06-12 03:59:38,/logout
Charlie,2025-06-12 01:08:07,/profile
Alice,2025-06-12 14:21:17,/dashboard
Hannah,2025-06-12 13:56:13,/logout
Judy,2025-06-12 07:41:24,/dashboard
Hannah,2025-06-12 17:17:22,/dashboard
Alice,2025-06-12 13:07:03,/login
Charlie,2025-06-12 05:37:00,/search
Eve,2025-06-12 04:53:20,/dashboard
Bob,2025-06-12 05:14:33,/home
Hannah,2025-06-12 23:57:15,/help
Judy,2025-06-12 03:04:57,/dashboard
Alice,2025-06-12 16:36:12,/search
Charlie,2025-06-12 15:29:57,/contact
Grace,2025-06-12 15:26:30,/dashboard
Grace,2025-06-12 12:56:10,/search
Alice,2025-06-12 00:16:13,/dashboard
Grace,2025-06-12 08:37:11,/dashboard
Hannah,2025-06-12 09:48:11,/about
Judy,2025-06-12 13:21:39,/contact
Bob,2025-06-12 17:35:42,/contact
Hannah,2025-06-12 04:07:12,/logout
Grace,2025-06-12 02:54:54,/dashboard
Alice,2025-06-12 10:10:24,/about
Judy,2025-06-12 22:12:43,/dashboard
Bob,2025-06-12 02:50:34,/dashboard
Hannah,2025-06-12 21:06:13,/about
Eve,2025-06-12 19:28:47,/logout
Charlie,2025-06-12 17:04:15,/home
Judy,2025-06-12 20:53:50,/login
Hannah,2025-06-12 15:19:43,/logout
Eve,2025-06-12 10:31:47,/profile
Alice,2025-06-12 11:04:15,/dashboard
Hannah,2025-06-12 09:28:56,/contact
Bob,2025-06-12 06:09:21,/contact
Grace,2025-06-12 22:43:50,/login
Bob,2025-06-12 04:37:02,/home
Grace,2025-06-12 09:10:36,/login
Alice,2025-06-12 09:21:19,/profile
Bob,2025-06-12 06:21:26,/contact
Grace,2025-06-12 13:27:46,/help
Charlie,2025-06-12 09:30:42,/dashboard
Charlie,2025-06-12 17:39:19,/settings
Alice,2025-06-12 12:28:57,/home
Bob,2025-06-12 05:36:44,/contact
Charlie,2025-06-12 15:02:05,/help
Charlie,2025-06-12 08:39:48,/search
Hannah,2025-06-12 23:12:48,/help
Alice,2025-06-12 12:33:49,/dashboard
Bob,2025-06-12 01:54:44,/login
Alice,2025-06-12 10:58:20,/login
Judy,2025-06-12 08:30:26,/about
Judy,2025-06-12 17:16:45,/search
Eve,2025-06-12 00:25:54,/login
Eve,2025-06-12 13:54:30,/help
Hannah,2025-06-12 19:18:21,/logout
Hannah,2025-06-12 03:32:41,/home
Grace,2025-06-12 22:13:37,/search
Hannah,2025-06-12 12:11:44,/profile
Eve,2025-06-12 09:17:48,/home
Hannah,2025-06-12 14:14:29,/contact
Judy,2025-06-12 21:26:05,/settings
Charlie,2025-06-12 18:55:51,/settings
Eve,2025-06-12 11:24:20,/dashboard
Grace,2025-06-12 02:28:26,/home
Bob,2025-06-12 03:46:59,/dashboard
Hannah,2025-06-12 12:47:53,/help
Alice,2025-06-12 07:01:47,/profile
Bob,2025-06-12 02:04:15,/home
Grace,2025-06-12 21:49:22,/settings
Hannah,2025-06-12 04:22:05,/login
Bob,2025-06-12 13:41:17,/dashboard
Hannah,2025-06-12 06:43:37,/contact
Bob,2025-06-12 10:43:29,/profile
Judy,2025-06-12 23:15:26,/login
Judy,2025-06-12 15:32:45,/profile
Hannah,2025-06-12 09:22:09,/logout
Alice,2025-06-12 02:16:17,/profile
Judy,2025-06-12 09:24:07,/home
Charlie,2025-06-12 06:28:41,/profile
Judy,2025-06-12 22:13:13,/home
Judy,2025-06-12 03:56:52,/login
Alice,2025-06-12 07:57:04,/login
Grace,2025-06-12 09:25:47,/help
Bob,2025-06-12 20:48:07,/home
Hannah,2025-06-12 16:14:02,/profile
Bob,2025-06-12 23:46:12,/dashboard
Hannah,2025-06-12 01:22:39,/home
Hannah,2025-06-12 09:42:02,/search
Alice,2025-06-12 20:55:19,/search
Bob,2025-06-12 17:24:30,/login
Judy,2025-06-12 02:33:08,/dashboard
Grace,2025-06-12 17:33:05,/login
Bob,2025-06-12 12:08:24,/login
Hannah,2025-06-12 14:35:09,/profile
Bob,2025-06-12 13:18:07,/login
Grace,2025-06-12 02:55:45,/logout
Charlie,2025-06-12 10:33:25,/help
Hannah,2025-06-12 06:25:49,/settings
Grace,2025-06-12 06:57:15,/login
Eve,2025-06-12 22:57:36,/login
Hannah,2025-06-12 17:42:46,/logout
Bob,2025-06-12 06:53:53,/help
Alice,2025-06-12 21:35:18,/home
Alice,2025-06-12 19:40:51,/home
Hannah,2025-06-12 18:11:34,/profile
Grace,2025-06-12 00:35:51,/help
Bob,2025-06-12 01:33:31,/login
Judy,2025-06-12 19:02:46,/dashboard
Judy,2025-06-12 05:25:23,/about
Hannah,2025-06-12 08:28:57,/contact
Bob,2025-06-12 17:48:00,/home
Hannah,2025-06-12 17:09:23,/home
Grace,2025-06-12 23:37:17,/dashboard
Alice,2025-06-12 01:49:08,/dashboard
Eve,2025-06-12 16:36:33,/login
Grace,2025-06-12 02:19:43,/dashboard
Charlie,2025-06-12 04:09:25,/login
Judy,2025-06-12 08:01:50,/dashboard
Bob,2025-06-12 12:16:56,/search
Charlie,2025-06-12 11:48:18,/search
Bob,2025-06-12 19:52:30,/contact
Alice,2025-06-12 01:39:35,/home
Grace,2025-06-12 04:23:46,/home
Eve,2025-06-12 06:07:06,/login
Hannah,2025-06-12 20:08:56,/logout
Alice,2025-06-12 01:28:54,/dashboard
Alice,2025-06-12 22:17:53,/dashboard
Judy,2025-06-12 17:43:47,/home
Bob,2025-06-12 03:14:43,/home
Hannah,2025-06-12 10:19:49,/contact
Judy,2025-06-12 04:37:12,/help
Alice,2025-06-12 19:02:42,/login
Judy,2025-06-12 22:13:44,/home
Hannah,2025-06-12 21:42:34,/home
Alice,2025-06-12 03:12:17,/contact
Hannah,2025-06-12 12:39:53,/profile
Judy,2025-06-12 06:59:13,/home
Bob,2025-06-12 22:32:03,/login
Eve,2025-06-12 18:28:44,/about
Alice,2025-06-12 07:34:37,/dashboard
Eve,2025-06-12 05:25:58,/home
Hannah,2025-06-12 18:06:50,/help
Alice,2025-06-12 01:58:01,/home
Hannah,2025-06-12 10:22:43,/logout
Alice,2025-06-12 22:27:27,/login
Charlie,2025-06-12 01:34:37,/help
Bob,2025-06-12 06:24:13,/about
Alice,2025-06-12 18:44:49,/help
Bob,2025-06-12 16:11:43,/home
Grace,2025-06-12 07:14:10,/login
Hannah,2025-06-12 08:22:34,/logout
Charlie,2025-06-12 11:52:26,/login
Alice,2025-06-12 15:01:19,/dashboard
Charlie,2025-06-12 13:40:21,/settings
Alice,2025-06-12 17:38:12,/dashboard
Bob,2025-06-12 07:52:13,/dashboard
Grace,2025-06-12 13:35:53,/login
Alice,2025-06-12 23:00:40,/home
Eve,2025-06-12 12:13:45,/settings
Alice,2025-06-12 02:10:18,/dashboard
Eve,2025-06-12 16:41:46,/login
Judy,2025-06-12 08:00:16,/login
Eve,2025-06-12 06:11:13,/contact
Grace,2025-06-12 03:08:54,/settings
Judy,2025-06-12 07:52:49,/help
Grace,2025-06-12 10:09:51,/login
Bob,2025-06-12 09:01:23,/settings
Eve,2025-06-12 21:32:44,/home
Alice,2025-06-12 15:12:38,/home
Bob,2025-06-12 18:21:28,/login
Bob,2025-06-12 17:26:58,/login
Charlie,2025-06-12 16:28:22,/login
Judy,2025-06-12 00:27:08,/dashboard
Hannah,2025-06-12 07:56:14,/search
Alice,2025-06-12 23:34:47,/home
Bob,2025-06-12 11:05:55,/dashboard
Alice,2025-06-12 21:15:01,/contact
Bob,2025-06-12 05:02:49,/help
Charlie,2025-06-12 06:44:01,/search
Charlie,2025-06-12 22:49:17,/logout
Judy,2025-06-12 22:50:22,/home
Bob,2025-06-12 12:07:14,/dashboard
Grace,2025-06-12 09:49:21,/login
Hannah,2025-06-12 19:44:58,/contact
Grace,2025-06-12 22:35:24,/login
Eve,2025-06-12 18:44:27,/home
Hannah,2025-06-12 01:52:38,/logout
Bob,2025-06-12 22:32:31,/login
Bob,2025-06-12 23:35:57,/home
Grace,2025-06-12 07:27:12,/about
Alice,2025-06-12 19:38:50,/settings
Bob,2025-06-12 07:38:18,/contact
Charlie,2025-06-12 11:40:03,/settings
Eve,2025-06-12 15:23:54,/about
Eve,2025-06-12 12:34:09,/login
Judy,2025-06-12 04:28:03,/dashboard
Judy,2025-06-12 10:38:27,/about
Judy,2025-06-12 06:51:27,/login
Judy,2025-06-12 06:30:37,/login
Eve,2025-06-12 03:58:54,/login
Alice,2025-06-12 05:23:12,/dashboard
Judy,2025-06-12 18:57:27,/home
Hannah,2025-06-12 10:40:26,/home
Judy,2025-06-12 04:48:25,/about
Judy,2025-06-12 23:28:20,/login
Bob,2025-06-12 00:48:08,/home
Charlie,2025-06-12 18:55:07,/settings
Hannah,2025-06-12 14:59:21,/logout
Grace,2025-06-12 11:52:49,/dashboard
Judy,2025-06-12 19:18:09,/dashboard
Charlie,2025-06-12 16:12:40,/about
Judy,2025-06-12 11:09:32,/home
Alice,2025-06-12 17:37:50,/settings
Eve,2025-06-12 05:24:03,/home
Eve,2025-06-12 22:31:25,/home
Alice,2025-06-12 06:38:11,/profile
Alice,2025-06-12 05:52:15,/dashboard
Alice,2025-06-12 20:55:04,/login
Alice,2025-06-12 06:43:02,/login
Alice,2025-06-12 11:32:22,/home
Eve,2025-06-12 19:39:21,/login
