Charlie,2025-06-11 01:05:05,/home
Alice,2025-06-11 21:55:07,/dashboard
Bob,2025-06-11 23:39:41,/dashboard
Charlie,2025-06-11 16:21:18,/settings
Grace,2025-06-11 05:48:46,/home
Charlie,2025-06-11 10:07:01,/logout
Eve,2025-06-11 03:43:16,/login
Alice,2025-06-11 12:31:22,/login
Grace,2025-06-11 19:31:24,/help
Alice,2025-06-11 02:52:08,/search
Grace,2025-06-11 13:10:00,/contact
Judy,2025-06-11 08:17:51,/home
Grace,2025-06-11 03:40:38,/settings
Charlie,2025-06-11 16:30:29,/profile
David,2025-06-11 13:28:40,/dashboard
David,2025-06-11 09:43:13,/settings
Alice,2025-06-11 19:26:50,/dashboard
Judy,2025-06-11 09:49:42,/login
Judy,2025-06-11 08:20:21,/home
Bob,2025-06-11 09:44:53,/search
Alice,2025-06-11 11:27:25,/dashboard
Judy,2025-06-11 23:24:19,/search
Ivan,2025-06-11 09:38:38,/dashboard
Eve,2025-06-11 19:37:24,/dashboard
Grace,2025-06-11 21:14:44,/search
Charlie,2025-06-11 07:59:06,/logout
Eve,2025-06-11 01:42:55,/home
Alice,2025-06-11 15:22:13,/home
Alice,2025-06-11 17:02:28,/dashboard
Grace,2025-06-11 04:10:14,/home
Grace,2025-06-11 04:03:41,/logout
Grace,2025-06-11 00:07:05,/login
Grace,2025-06-11 18:29:02,/dashboard
Alice,2025-06-11 23:15:48,/profile
Judy,2025-06-11 19:38:17,/home
Bob,2025-06-11 00:42:32,/login
Alice,2025-06-11 08:43:05,/profile
Bob,2025-06-11 02:52:02,/dashboard
Alice,2025-06-11 19:23:42,/login
Eve,2025-06-11 20:01:03,/login
Eve,2025-06-11 15:24:21,/dashboard
Judy,2025-06-11 11:20:57,/settings
Charlie,2025-06-11 15:57:02,/logout
Ivan,2025-06-11 09:01:33,/login
Judy,2025-06-11 21:25:10,/home
Judy,2025-06-11 02:35:05,/home
Bob,2025-06-11 12:01:49,/home
Alice,2025-06-11 17:40:24,/login
Judy,2025-06-11 20:47:27,/dashboard
Ivan,2025-06-11 17:13:13,/settings
Charlie,2025-06-11 03:26:03,/settings
Alice,2025-06-11 15:25:19,/logout
Charlie,2025-06-11 01:58:20,/help
Alice,2025-06-11 12:21:13,/dashboard
Alice,2025-06-11 19:31:32,/home
Ivan,2025-06-11 15:21:36,/dashboard
Eve,2025-06-11 02:44:40,/home
Ivan,2025-06-11 03:33:53,/about
Bob,2025-06-11 00:32:14,/about
Alice,2025-06-11 06:03:18,/settings
Charlie,2025-06-11 17:31:32,/help
Judy,2025-06-11 05:59:39,/home
Charlie,2025-06-11 14:12:53,/home
Grace,2025-06-11 10:23:08,/help
Charlie,2025-06-11 17:43:08,/about
Eve,2025-06-11 02:07:45,/home
Bob,2025-06-11 01:49:32,/home
Ivan,2025-06-11 19:20:15,/about
Eve,2025-06-11 02:55:00,/dashboard
Eve,2025-06-11 08:33:48,/home
Charlie,2025-06-11 20:44:28,/login
Judy,2025-06-11 22:33:03,/home
Alice,2025-06-11 20:34:45,/dashboard
David,2025-06-11 07:26:12,/profile
David,2025-06-11 09:40:14,/settings
Charlie,2025-06-11 23:30:07,/dashboard
Grace,2025-06-11 00:20:20,/home
Ivan,2025-06-11 20:29:52,/contact
Alice,2025-06-11 18:25:07,/home
Grace,2025-06-11 02:30:16,/login
Judy,2025-06-11 15:57:13,/home
Grace,2025-06-11 00:17:05,/about
Grace,2025-06-11 04:53:21,/login
Grace,2025-06-11 20:08:32,/home
Eve,2025-06-11 07:40:07,/dashboard
David,2025-06-11 23:05:30,/settings
Grace,2025-06-11 01:50:58,/login
Alice,2025-06-11 01:36:18,/profile
Bob,2025-06-11 23:11:47,/home
Grace,2025-06-11 20:05:09,/login
Charlie,2025-06-11 00:21:07,/about
Alice,2025-06-11 05:25:36,/dashboard
Bob,2025-06-11 20:07:00,/contact
Eve,2025-06-11 11:13:24,/home
David,2025-06-11 13:01:38,/home
Judy,2025-06-11 12:52:37,/login
Charlie,2025-06-11 05:37:37,/contact
Judy,2025-06-11 15:00:40,/dashboard
Bob,2025-06-11 14:59:24,/login
Judy,2025-06-11 03:56:08,/dashboard
Charlie,2025-06-11 17:08:14,/home
Judy,2025-06-11 12:43:50,/login
Grace,2025-06-11 08:06:59,/settings
Bob,2025-06-11 11:57:05,/search
Grace,2025-06-11 12:47:05,/profile
Charlie,2025-06-11 12:03:24,/about
Bob,2025-06-11 06:30:05,/login
Grace,2025-06-11 15:49:19,/dashboard
David,2025-06-11 15:53:19,/logout
Alice,2025-06-11 06:55:14,/dashboard